{
   "product":{
      "name":"ChromaCraft",
      "author":"KeithM",
      "description":"Provides visual feedback for in-game Minecraft events",
      "version":"1.1.0",
      "type":"Game"
   },
   "installation":[
         {
         "action":"execute",
         "folder": "install",
         "file":"JavaSetup8u66.exe"
      },
      {
         "action":"execute",
         "folder": "install",
         "file":"forge-installer.exe"
      },
      {
         "action":"extract",
         "folder": "mod",
         "destination": {
               "type": "folder",
               "folder": "%appdata%\\.minecraft\\mods"
         }
      }
   ]
}